member_id,status,age,service,pensionable_salary,current_pension
A0215,Active,53,2.7,1852000,0
P0250,Pensioner,75,20.3,0,434000
P0219,Pensioner,67,25.7,0,275000
A0121,Active,24,1.1,344000,0
P0224,Pensioner,72,26.0,0,297000
P0222,Pensioner,66,23.0,0,389000
A0112,Active,42,1.8,1172000,0
P0072,Pensioner,79,20.5,0,690000
A0439,Active,50,12.9,1059000,0
A0270,Active,37,2.3,740000,0
D0125,Deferred,35,3.2,595000,0
P0133,Pensioner,76,38.7,0,423000
P0111,Pensioner,90,12.5,0,681000
D0075,Deferred,33,7.3,461000,0
P0091,Pensioner,66,39.3,0,388000
D0106,Deferred,46,5.5,810000,0
A0342,Active,51,20.0,1373000,0
P0211,Pensioner,83,18.4,0,710000
D0128,Deferred,59,22.4,1057000,0
P0175,Pensioner,63,13.7,0,186000
A0252,Active,33,6.0,727000,0
A0415,Active,31,6.7,707000,0
P0073,Pensioner,62,32.6,0,272000
A0310,Active,34,11.6,593000,0
P0066,Pensioner,65,13.1,0,307000
A0544,Active,43,17.5,780000,0
A0026,Active,23,1.0,538000,0
A0618,Active,32,5.2,658000,0
P0212,Pensioner,86,15.8,0,831000
A0559,Active,35,8.1,537000,0
A0207,Active,55,5.5,2009000,0
P0153,Pensioner,75,31.6,0,300000
A0420,Active,39,10.7,722000,0
A0253,Active,35,6.8,686000,0
A0192,Active,54,7.5,2041000,0
A0590,Active,22,1.0,518000,0
A0155,Active,47,23.0,1524000,0
A0191,Active,38,12.2,812000,0
A0570,Active,56,9.2,1764000,0
A0195,Active,40,1.9,654000,0
P0182,Pensioner,71,18.3,0,380000
A0089,Active,52,24.6,1343000,0
A0028,Active,39,7.9,715000,0
D0001,Deferred,45,12.4,786000,0
A0083,Active,48,5.2,1345000,0
P0071,Pensioner,88,36.3,0,732000
P0067,Pensioner,62,35.5,0,285000
P0098,Pensioner,76,16.8,0,436000
A0560,Active,29,7.9,492000,0
P0181,Pensioner,79,35.1,0,635000
A0248,Active,53,10.1,1512000,0
P0152,Pensioner,87,17.5,0,803000
P0021,Pensioner,84,37.2,0,780000
A0426,Active,53,18.4,1182000,0
P0201,Pensioner,78,18.2,0,378000
P0187,Pensioner,78,36.2,0,287000
A0237,Active,36,2.8,888000,0
P0029,Pensioner,88,39.7,0,705000
A0456,Active,38,11.9,1049000,0
A0100,Active,55,6.1,1444000,0
A0508,Active,22,1.0,441000,0
A0514,Active,31,6.6,510000,0
A0018,Active,27,5.8,642000,0
A0048,Active,44,21.3,1314000,0
A0071,Active,22,1.0,490000,0
A0318,Active,42,13.8,1212000,0
A0046,Active,55,17.3,2121000,0
A0405,Active,52,3.8,1459000,0
A0214,Active,29,1.3,640000,0
A0185,Active,27,1.5,626000,0
A0345,Active,45,20.3,1366000,0
P0135,Pensioner,78,22.7,0,328000
A0004,Active,39,16.8,942000,0
P0107,Pensioner,77,33.7,0,240000
A0158,Active,56,20.0,1382000,0
A0337,Active,25,2.0,356000,0
P0033,Pensioner,75,38.8,0,273000
A0488,Active,54,5.2,1686000,0
P0016,Pensioner,72,19.6,0,490000
D0011,Deferred,51,18.0,692000,0
P0209,Pensioner,70,31.6,0,460000
A0365,Active,58,33.5,1863000,0
D0112,Deferred,31,2.8,415000,0
A0327,Active,26,3.6,534000,0
A0285,Active,45,9.3,1075000,0
P0191,Pensioner,78,39.2,0,537000
A0596,Active,46,2.5,1207000,0
A0547,Active,33,4.0,473000,0
A0586,Active,48,20.8,955000,0
A0352,Active,35,3.0,920000,0
D0044,Deferred,30,2.8,327000,0
A0592,Active,24,1.0,399000,0
A0313,Active,45,5.0,1210000,0
A0044,Active,36,9.1,775000,0
P0174,Pensioner,73,36.6,0,343000
A0021,Active,47,24.9,1142000,0
A0278,Active,22,1.0,561000,0
A0250,Active,30,1.3,631000,0
A0600,Active,40,6.9,762000,0
P0076,Pensioner,82,39.7,0,419000
P0019,Pensioner,86,29.2,0,542000
D0061,Deferred,41,19.9,534000,0
A0412,Active,30,5.6,663000,0
P0157,Pensioner,87,20.9,0,761000
A0317,Active,50,7.0,1033000,0
A0050,Active,49,19.4,1677000,0
P0094,Pensioner,65,20.6,0,170000
A0479,Active,31,9.2,745000,0
A0091,Active,41,19.8,771000,0
P0051,Pensioner,83,28.6,0,299000
A0009,Active,42,11.7,829000,0
A0218,Active,25,1.0,583000,0
A0224,Active,58,23.3,2456000,0
P0023,Pensioner,86,17.6,0,353000
P0154,Pensioner,78,32.6,0,523000
P0240,Pensioner,75,25.0,0,449000
A0200,Active,26,1.8,375000,0
A0615,Active,40,15.6,640000,0
A0058,Active,59,17.4,2332000,0
A0115,Active,48,25.1,1345000,0
P0078,Pensioner,88,14.7,0,771000
D0003,Deferred,59,26.0,1411000,0
A0139,Active,23,1.5,365000,0
A0594,Active,44,2.5,811000,0
A0079,Active,41,9.3,981000,0
A0374,Active,40,6.8,1030000,0
A0281,Active,24,1.4,511000,0
A0457,Active,32,6.8,485000,0
A0184,Active,41,16.1,910000,0
A0315,Active,52,19.2,1869000,0
A0293,Active,50,1.9,1715000,0
D0055,Deferred,48,19.0,733000,0
D0031,Deferred,55,27.0,1373000,0
P0125,Pensioner,70,28.9,0,196000
A0475,Active,50,19.5,1266000,0
A0229,Active,47,4.7,1251000,0
A0606,Active,43,13.2,1182000,0
A0395,Active,59,12.8,1651000,0
A0068,Active,34,1.8,686000,0
P0146,Pensioner,85,39.1,0,764000
A0350,Active,43,7.7,807000,0
A0362,Active,36,10.4,664000,0
P0145,Pensioner,66,30.9,0,288000
D0124,Deferred,36,3.1,592000,0
A0593,Active,56,22.6,2130000,0
A0051,Active,32,1.1,774000,0
P0097,Pensioner,83,24.8,0,384000
P0012,Pensioner,81,20.7,0,596000
A0579,Active,33,11.7,577000,0
A0402,Active,41,6.5,935000,0
D0007,Deferred,30,4.9,510000,0
A0581,Active,45,10.3,1119000,0
D0120,Deferred,37,8.2,633000,0
A0460,Active,39,8.5,918000,0
A0130,Active,54,14.3,1778000,0
P0194,Pensioner,84,17.1,0,805000
P0168,Pensioner,69,27.7,0,347000
A0386,Active,56,28.6,1579000,0
A0452,Active,44,6.7,1263000,0
A0425,Active,47,16.3,995000,0
D0115,Deferred,43,16.1,821000,0
A0316,Active,42,5.6,794000,0
A0280,Active,47,20.3,1432000,0
A0511,Active,48,7.9,1218000,0
A0349,Active,55,4.2,1735000,0
P0013,Pensioner,66,35.8,0,255000
D0072,Deferred,30,2.7,383000,0
P0160,Pensioner,89,36.6,0,791000
P0178,Pensioner,85,37.2,0,308000
A0066,Active,34,9.8,828000,0
A0264,Active,57,15.8,1920000,0
A0271,Active,59,11.5,2048000,0
P0218,Pensioner,78,30.2,0,356000
P0005,Pensioner,86,18.2,0,531000
A0582,Active,58,15.8,2255000,0
P0138,Pensioner,84,17.9,0,699000
P0132,Pensioner,64,36.3,0,150000
P0048,Pensioner,72,18.0,0,229000
P0129,Pensioner,86,22.8,0,531000
D0014,Deferred,35,5.0,479000,0
A0518,Active,42,12.3,880000,0
D0118,Deferred,37,5.1,415000,0
P0208,Pensioner,82,20.5,0,518000
A0208,Active,56,23.8,1452000,0
A0614,Active,48,7.8,1366000,0
A0528,Active,34,7.4,561000,0
A0424,Active,42,17.6,732000,0
A0485,Active,59,19.4,1728000,0
A0075,Active,43,17.1,1155000,0
A0173,Active,24,1.0,480000,0
D0129,Deferred,53,16.8,1229000,0
A0290,Active,53,8.8,1222000,0
A0463,Active,55,25.1,2105000,0
A0516,Active,36,2.9,586000,0
A0335,Active,35,10.5,547000,0
A0256,Active,52,9.9,1085000,0
P0173,Pensioner,69,23.2,0,250000
P0060,Pensioner,74,24.2,0,345000
A0032,Active,53,11.0,1460000,0
P0030,Pensioner,85,35.3,0,316000
A0611,Active,32,4.0,492000,0
P0114,Pensioner,81,33.4,0,473000
A0052,Active,45,19.1,1408000,0
P0151,Pensioner,76,19.9,0,351000
D0010,Deferred,31,2.6,336000,0
A0556,Active,35,4.7,858000,0
A0082,Active,26,2.3,452000,0
A0558,Active,37,3.8,773000,0
A0401,Active,35,11.4,516000,0
D0066,Deferred,57,27.8,1519000,0
A0304,Active,46,6.6,872000,0
P0215,Pensioner,63,13.7,0,141000
A0042,Active,41,2.1,716000,0
D0104,Deferred,46,10.1,795000,0
A0390,Active,49,4.5,1040000,0
A0513,Active,47,17.1,1461000,0
A0234,Active,33,2.7,649000,0
P0100,Pensioner,77,16.2,0,508000
A0370,Active,22,1.8,445000,0
A0609,Active,30,2.2,701000,0
P0230,Pensioner,81,25.8,0,294000
A0240,Active,31,5.0,526000,0
A0332,Active,35,7.5,774000,0
D0046,Deferred,53,10.6,855000,0
D0059,Deferred,37,7.6,685000,0
A0326,Active,30,2.8,710000,0
A0517,Active,31,7.1,746000,0
A0235,Active,28,1.4,390000,0
P0009,Pensioner,75,14.5,0,270000
P0035,Pensioner,61,28.9,0,230000
P0054,Pensioner,65,38.8,0,217000
A0209,Active,33,5.3,515000,0
A0445,Active,25,1.6,378000,0
P0095,Pensioner,79,35.6,0,592000
P0003,Pensioner,63,24.1,0,332000
A0118,Active,49,13.7,1189000,0
A0361,Active,37,14.8,601000,0
A0201,Active,36,6.7,826000,0
A0484,Active,28,2.6,663000,0
A0197,Active,49,18.8,1602000,0
D0009,Deferred,40,5.3,541000,0
A0151,Active,23,1.0,332000,0
P0155,Pensioner,73,22.3,0,425000
A0039,Active,30,4.8,637000,0
A0583,Active,42,3.8,1224000,0
A0266,Active,39,4.1,997000,0
A0183,Active,32,8.7,458000,0
D0101,Deferred,30,2.0,325000,0
A0490,Active,42,3.9,726000,0
P0228,Pensioner,77,29.2,0,240000
A0398,Active,57,13.4,1650000,0
A0607,Active,30,7.2,442000,0
A0444,Active,41,16.8,749000,0
A0546,Active,43,18.3,1278000,0
A0407,Active,52,9.4,1629000,0
A0287,Active,36,4.0,583000,0
A0330,Active,48,6.3,1371000,0
P0158,Pensioner,61,28.6,0,274000
A0537,Active,35,9.3,578000,0
D0084,Deferred,55,4.8,1176000,0
P0203,Pensioner,87,20.6,0,860000
A0585,Active,52,24.5,1709000,0
D0039,Deferred,58,14.1,1243000,0
A0011,Active,34,11.5,869000,0
A0481,Active,31,8.5,542000,0
A0030,Active,29,1.0,526000,0
P0063,Pensioner,74,19.4,0,471000
A0443,Active,23,1.0,540000,0
A0497,Active,49,14.2,1034000,0
A0128,Active,55,17.2,2189000,0
P0105,Pensioner,65,22.2,0,314000
D0041,Deferred,42,4.9,762000,0
P0075,Pensioner,61,28.5,0,165000
P0104,Pensioner,67,33.6,0,298000
A0336,Active,24,1.6,463000,0
A0385,Active,24,1.0,549000,0
A0435,Active,22,1.0,388000,0
P0223,Pensioner,79,22.9,0,369000
A0564,Active,57,26.0,2256000,0
A0436,Active,32,1.9,574000,0
A0325,Active,55,29.0,1669000,0
P0053,Pensioner,73,30.8,0,545000
A0428,Active,53,2.0,1967000,0
A0522,Active,39,7.0,1094000,0
A0119,Active,33,1.1,839000,0
D0090,Deferred,55,11.3,1286000,0
A0538,Active,23,1.0,547000,0
P0186,Pensioner,89,22.8,0,566000
A0389,Active,54,11.7,1365000,0
A0368,Active,47,17.7,1488000,0
A0202,Active,39,9.2,850000,0
A0261,Active,41,15.6,873000,0
A0025,Active,54,26.6,1546000,0
A0168,Active,22,1.0,557000,0
A0283,Active,51,23.9,1558000,0
A0471,Active,36,9.2,621000,0
A0410,Active,28,2.2,447000,0
A0553,Active,31,5.9,609000,0
P0024,Pensioner,64,36.8,0,376000
A0320,Active,33,3.5,574000,0
P0040,Pensioner,84,21.4,0,669000
P0093,Pensioner,64,37.7,0,384000
A0441,Active,54,21.4,1649000,0
A0216,Active,58,1.5,1481000,0
A0427,Active,31,1.3,498000,0
P0239,Pensioner,68,23.8,0,461000
A0589,Active,37,13.8,718000,0
A0109,Active,55,24.8,1950000,0
A0110,Active,54,4.6,1653000,0
A0569,Active,53,22.4,1725000,0
A0416,Active,51,1.7,1621000,0
P0007,Pensioner,83,34.8,0,593000
P0103,Pensioner,71,38.1,0,213000
A0074,Active,27,6.6,507000,0
D0092,Deferred,41,6.7,753000,0
D0048,Deferred,53,22.7,847000,0
A0311,Active,54,28.3,1330000,0
P0162,Pensioner,68,16.9,0,346000
A0521,Active,30,2.5,564000,0
D0025,Deferred,56,23.2,982000,0
A0236,Active,34,8.3,746000,0
A0265,Active,46,2.2,1345000,0
A0578,Active,45,18.9,1011000,0
D0013,Deferred,45,16.4,546000,0
A0453,Active,27,5.9,537000,0
D0108,Deferred,46,9.5,818000,0
P0045,Pensioner,86,36.1,0,311000
A0554,Active,32,3.0,769000,0
D0056,Deferred,57,17.3,1392000,0
A0571,Active,29,2.0,619000,0
A0366,Active,30,8.5,478000,0
A0300,Active,59,23.8,1923000,0
P0068,Pensioner,65,24.2,0,412000
A0340,Active,35,7.9,849000,0
D0035,Deferred,42,7.1,795000,0
A0029,Active,29,1.4,572000,0
D0064,Deferred,55,23.3,1002000,0
A0156,Active,32,4.2,559000,0
A0212,Active,41,4.8,888000,0
P0106,Pensioner,76,25.5,0,437000
P0032,Pensioner,64,15.3,0,338000
P0192,Pensioner,63,29.7,0,361000
A0575,Active,37,4.8,606000,0
D0045,Deferred,46,16.4,601000,0
P0046,Pensioner,89,32.2,0,865000
A0182,Active,50,14.5,1133000,0
A0438,Active,27,1.6,546000,0
D0023,Deferred,33,2.6,459000,0
D0042,Deferred,48,11.2,889000,0
A0286,Active,51,3.8,1660000,0
A0338,Active,32,7.3,671000,0
P0165,Pensioner,90,23.2,0,625000
A0289,Active,41,12.6,1103000,0
A0277,Active,28,1.0,595000,0
P0193,Pensioner,77,22.7,0,625000
A0033,Active,39,11.9,812000,0
A0499,Active,37,7.1,835000,0
A0495,Active,23,1.0,456000,0
P0101,Pensioner,73,18.9,0,406000
D0111,Deferred,44,12.3,655000,0
P0116,Pensioner,76,30.6,0,384000
A0565,Active,27,5.7,556000,0
D0006,Deferred,51,15.2,906000,0
D0089,Deferred,42,9.5,742000,0
A0205,Active,54,11.1,1790000,0
A0002,Active,45,15.7,1372000,0
A0152,Active,25,1.3,337000,0
A0363,Active,35,14.8,805000,0
A0086,Active,37,14.5,811000,0
A0344,Active,35,7.6,721000,0
A0512,Active,54,24.0,1379000,0
A0367,Active,36,2.0,772000,0
P0245,Pensioner,77,22.6,0,325000
P0137,Pensioner,89,37.0,0,893000
A0159,Active,51,5.8,1338000,0
A0131,Active,52,19.0,1287000,0
A0228,Active,26,1.0,379000,0
P0006,Pensioner,81,29.9,0,541000
A0232,Active,51,22.1,1620000,0
P0142,Pensioner,75,15.1,0,372000
A0404,Active,33,6.2,678000,0
P0242,Pensioner,75,25.8,0,488000
A0288,Active,40,17.9,1005000,0
P0210,Pensioner,84,21.9,0,632000
P0200,Pensioner,74,12.8,0,341000
A0531,Active,29,2.9,566000,0
A0268,Active,29,3.0,672000,0
D0068,Deferred,53,3.3,953000,0
D0071,Deferred,57,12.5,1533000,0
D0113,Deferred,46,12.6,568000,0
A0307,Active,31,6.5,695000,0
A0520,Active,23,2.8,507000,0
A0179,Active,53,21.5,1277000,0
P0216,Pensioner,78,35.2,0,508000
A0478,Active,44,14.7,936000,0
A0008,Active,31,3.7,518000,0
P0034,Pensioner,60,27.2,0,164000
P0081,Pensioner,67,39.3,0,432000
P0167,Pensioner,76,19.3,0,495000
A0378,Active,39,5.6,842000,0
A0296,Active,31,8.1,445000,0
A0221,Active,57,25.0,1421000,0
A0449,Active,32,8.0,454000,0
A0545,Active,28,5.0,619000,0
A0400,Active,43,15.9,1269000,0
A0551,Active,39,8.6,642000,0
P0195,Pensioner,88,36.2,0,705000
A0574,Active,50,9.1,1334000,0
A0492,Active,58,4.6,2228000,0
A0063,Active,49,22.3,1301000,0
A0539,Active,37,6.8,660000,0
P0136,Pensioner,78,17.3,0,316000
A0282,Active,53,14.1,1663000,0
A0598,Active,26,1.4,428000,0
P0231,Pensioner,65,20.1,0,196000
A0242,Active,39,12.6,994000,0
P0058,Pensioner,70,25.2,0,351000
P0249,Pensioner,86,19.8,0,356000
A0403,Active,38,2.8,1024000,0
A0543,Active,32,6.6,736000,0
A0020,Active,54,25.6,1650000,0
A0057,Active,50,1.0,1533000,0
P0070,Pensioner,79,12.4,0,636000
P0015,Pensioner,82,36.2,0,528000
A0127,Active,23,2.8,480000,0
A0054,Active,46,14.7,1382000,0
P0010,Pensioner,80,25.3,0,467000
A0049,Active,47,16.9,1185000,0
A0324,Active,59,1.9,1544000,0
A0572,Active,40,11.1,879000,0
A0383,Active,38,3.6,696000,0
A0161,Active,26,3.5,475000,0
D0076,Deferred,52,10.9,721000,0
P0237,Pensioner,67,26.3,0,271000
P0188,Pensioner,83,26.3,0,767000
A0562,Active,24,1.5,343000,0
A0024,Active,46,10.9,1150000,0
P0102,Pensioner,78,14.5,0,270000
D0091,Deferred,37,7.1,544000,0
A0447,Active,26,1.0,472000,0
A0136,Active,57,24.8,2133000,0
P0128,Pensioner,61,22.5,0,242000
A0023,Active,57,27.4,1769000,0
A0145,Active,36,12.5,928000,0
P0183,Pensioner,74,18.8,0,409000
D0063,Deferred,41,6.1,500000,0
D0097,Deferred,53,5.3,1114000,0
P0221,Pensioner,71,13.6,0,467000
A0067,Active,47,1.6,1036000,0
P0050,Pensioner,70,28.6,0,351000
P0241,Pensioner,64,21.1,0,249000
A0465,Active,51,1.8,1557000,0
A0358,Active,26,2.2,448000,0
A0081,Active,25,1.0,526000,0
A0303,Active,51,9.9,1538000,0
P0214,Pensioner,75,24.3,0,519000
D0021,Deferred,55,10.6,1175000,0
A0541,Active,42,10.6,1038000,0
A0308,Active,56,4.0,1576000,0
P0057,Pensioner,72,13.5,0,476000
P0120,Pensioner,68,20.1,0,463000
D0019,Deferred,46,7.0,593000,0
A0137,Active,28,1.9,412000,0
A0246,Active,48,3.0,1180000,0
P0027,Pensioner,85,12.4,0,819000
A0482,Active,53,2.2,1445000,0
A0294,Active,46,15.4,967000,0
A0580,Active,25,1.1,584000,0
A0244,Active,50,10.0,1177000,0
P0247,Pensioner,66,35.3,0,214000
D0029,Deferred,50,11.1,995000,0
D0100,Deferred,47,2.5,942000,0
D0080,Deferred,40,15.6,668000,0
A0466,Active,42,14.9,773000,0
P0085,Pensioner,82,13.7,0,419000
A0502,Active,37,5.2,979000,0
P0047,Pensioner,70,30.7,0,277000
P0232,Pensioner,83,21.1,0,790000
A0455,Active,41,14.0,736000,0
A0563,Active,46,23.5,1448000,0
A0204,Active,42,7.6,1113000,0
D0054,Deferred,49,9.1,882000,0
A0061,Active,52,5.5,1485000,0
D0123,Deferred,57,8.9,1167000,0
P0248,Pensioner,60,14.8,0,206000
A0462,Active,48,9.9,1541000,0
P0234,Pensioner,77,31.3,0,404000
D0043,Deferred,55,19.5,1387000,0
P0092,Pensioner,88,26.2,0,375000
D0087,Deferred,55,24.7,989000,0
A0247,Active,39,9.0,784000,0
A0275,Active,48,13.1,1237000,0
A0509,Active,34,7.7,551000,0
D0034,Deferred,43,11.8,728000,0
A0188,Active,48,1.5,944000,0
D0052,Deferred,37,14.5,567000,0
A0604,Active,38,4.3,726000,0
A0357,Active,53,4.2,1840000,0
A0164,Active,36,4.3,935000,0
A0566,Active,33,2.8,768000,0
D0032,Deferred,42,4.0,479000,0
A0012,Active,36,5.2,538000,0
A0507,Active,58,9.4,1416000,0
P0118,Pensioner,65,15.1,0,204000
D0109,Deferred,32,3.8,503000,0
A0525,Active,31,5.3,430000,0
A0397,Active,40,10.9,891000,0
P0150,Pensioner,70,32.1,0,346000
P0199,Pensioner,61,33.4,0,300000
P0089,Pensioner,83,19.3,0,706000
A0106,Active,58,20.9,2507000,0
A0519,Active,56,5.1,1593000,0
D0107,Deferred,36,5.4,528000,0
A0530,Active,54,11.9,2063000,0
A0143,Active,59,16.4,2317000,0
D0040,Deferred,36,6.5,628000,0
D0130,Deferred,47,16.5,747000,0
A0411,Active,33,2.1,830000,0
A0273,Active,51,19.0,1088000,0
A0080,Active,44,21.4,1049000,0
A0129,Active,38,7.1,925000,0
P0170,Pensioner,74,36.7,0,382000
A0078,Active,52,29.3,1193000,0
D0079,Deferred,57,22.2,1220000,0
D0033,Deferred,43,5.8,738000,0
A0276,Active,30,1.9,585000,0
A0076,Active,27,1.1,563000,0
A0309,Active,38,14.3,621000,0
A0584,Active,57,29.5,2109000,0
D0057,Deferred,37,6.2,395000,0
P0180,Pensioner,89,29.7,0,794000
P0077,Pensioner,60,22.8,0,141000
A0014,Active,58,7.5,1444000,0
A0371,Active,36,3.1,914000,0
A0007,Active,30,1.5,639000,0
P0037,Pensioner,64,19.2,0,278000
P0163,Pensioner,87,33.1,0,451000
D0017,Deferred,48,8.3,860000,0
A0442,Active,24,1.8,340000,0
D0030,Deferred,54,23.6,1202000,0
A0430,Active,46,1.7,1343000,0
A0263,Active,51,25.9,1479000,0
D0065,Deferred,36,7.4,384000,0
A0225,Active,43,7.8,956000,0
A0090,Active,25,1.0,561000,0
A0384,Active,39,17.0,624000,0
D0126,Deferred,36,4.3,523000,0
A0117,Active,46,21.6,849000,0
P0004,Pensioner,69,38.9,0,178000
A0230,Active,25,1.3,520000,0
D0051,Deferred,44,10.9,710000,0
A0440,Active,55,1.2,1810000,0
A0031,Active,57,1.4,2247000,0
A0177,Active,55,6.1,2079000,0
P0134,Pensioner,88,21.5,0,555000
A0169,Active,57,2.5,1858000,0
A0245,Active,57,9.2,2052000,0
P0190,Pensioner,74,31.4,0,444000
D0121,Deferred,50,9.3,986000,0
A0515,Active,55,14.2,1475000,0
D0004,Deferred,41,10.8,782000,0
A0353,Active,34,5.5,702000,0
A0206,Active,25,1.0,538000,0
A0432,Active,26,4.5,433000,0
D0008,Deferred,35,4.2,490000,0
A0548,Active,33,1.8,706000,0
A0429,Active,44,12.7,934000,0
A0319,Active,53,19.6,1803000,0
A0259,Active,38,9.8,615000,0
A0126,Active,43,7.5,992000,0
P0164,Pensioner,81,15.6,0,429000
A0494,Active,23,2.3,425000,0
A0133,Active,35,11.4,679000,0
A0189,Active,57,19.1,1378000,0
P0056,Pensioner,81,35.5,0,612000
A0170,Active,32,4.0,574000,0
D0050,Deferred,35,9.5,538000,0
P0236,Pensioner,62,29.7,0,184000
D0002,Deferred,49,2.9,803000,0
A0203,Active,56,24.1,1966000,0
D0083,Deferred,58,17.0,1164000,0
A0373,Active,45,4.5,970000,0
A0120,Active,51,16.6,1124000,0
A0470,Active,36,5.5,735000,0
D0038,Deferred,46,13.5,813000,0
D0093,Deferred,37,11.0,481000,0
A0526,Active,58,7.9,1977000,0
A0458,Active,55,2.5,2194000,0
A0527,Active,50,8.6,1388000,0
A0163,Active,26,3.9,381000,0
P0108,Pensioner,83,12.7,0,684000
P0156,Pensioner,61,32.8,0,267000
A0087,Active,27,1.1,489000,0
P0084,Pensioner,74,26.2,0,555000
P0172,Pensioner,82,14.4,0,277000
A0505,Active,48,4.0,978000,0
P0059,Pensioner,78,16.3,0,556000
A0274,Active,26,4.7,502000,0
A0255,Active,38,7.3,768000,0
P0235,Pensioner,89,20.5,0,538000
D0110,Deferred,56,7.9,1472000,0
P0064,Pensioner,85,39.8,0,395000
P0226,Pensioner,62,34.1,0,372000
A0085,Active,58,29.9,1740000,0
A0107,Active,29,5.7,588000,0
P0144,Pensioner,61,17.3,0,368000
A0295,Active,39,8.0,977000,0
A0524,Active,57,25.2,1831000,0
A0369,Active,43,13.3,1236000,0
P0206,Pensioner,88,20.5,0,917000
P0207,Pensioner,73,16.6,0,241000
A0605,Active,50,1.8,1704000,0
A0413,Active,42,11.3,1163000,0
A0542,Active,49,21.9,1148000,0
P0090,Pensioner,63,25.0,0,164000
A0473,Active,58,12.3,1676000,0
A0125,Active,25,1.0,368000,0
D0114,Deferred,42,13.4,607000,0
A0123,Active,42,13.1,787000,0
A0379,Active,44,3.9,1365000,0
A0272,Active,22,1.0,445000,0
A0146,Active,30,4.8,682000,0
D0024,Deferred,30,2.6,333000,0
P0069,Pensioner,61,20.5,0,240000
A0142,Active,39,14.9,857000,0
A0468,Active,24,1.0,488000,0
A0422,Active,48,9.2,1402000,0
A0613,Active,58,24.7,1439000,0
A0540,Active,27,2.7,391000,0
A0198,Active,33,2.6,681000,0
A0450,Active,22,1.4,562000,0
P0171,Pensioner,87,26.2,0,423000
A0446,Active,40,18.5,678000,0
A0038,Active,39,8.3,698000,0
D0122,Deferred,40,13.9,526000,0
A0160,Active,50,29.3,1633000,0
A0486,Active,23,1.8,507000,0
A0019,Active,56,2.8,1546000,0
A0099,Active,47,12.8,1327000,0
P0159,Pensioner,90,31.5,0,754000
A0084,Active,28,1.4,423000,0
A0620,Active,31,6.8,656000,0
D0105,Deferred,45,17.8,537000,0
A0387,Active,37,2.1,765000,0
D0095,Deferred,53,15.1,1129000,0
A0408,Active,50,4.7,1023000,0
A0238,Active,55,13.8,1815000,0
A0194,Active,30,5.0,505000,0
A0015,Active,39,9.9,991000,0
A0477,Active,41,3.6,722000,0
A0500,Active,33,7.7,713000,0
P0169,Pensioner,83,37.3,0,355000
A0154,Active,28,3.4,532000,0
A0381,Active,34,9.7,725000,0
A0134,Active,26,1.1,425000,0
A0498,Active,41,5.9,855000,0
A0523,Active,53,1.6,1533000,0
P0018,Pensioner,69,27.7,0,472000
A0399,Active,27,5.1,645000,0
D0022,Deferred,58,3.0,1364000,0
D0005,Deferred,58,13.6,1111000,0
A0298,Active,25,1.0,343000,0
P0205,Pensioner,75,18.4,0,500000
A0147,Active,44,1.3,1282000,0
A0323,Active,26,1.0,411000,0
A0417,Active,35,5.6,827000,0
A0072,Active,34,8.0,677000,0
A0003,Active,53,9.2,1679000,0
A0233,Active,32,2.7,557000,0
A0595,Active,51,23.4,1585000,0
A0113,Active,58,26.8,1508000,0
A0140,Active,56,2.3,2030000,0
A0322,Active,46,17.7,849000,0
A0092,Active,45,17.7,1154000,0
P0166,Pensioner,84,28.8,0,536000
P0124,Pensioner,68,32.4,0,212000
P0087,Pensioner,61,23.8,0,252000
P0061,Pensioner,64,15.2,0,270000
D0018,Deferred,40,10.0,445000,0
A0555,Active,51,15.5,1602000,0
A0222,Active,42,7.1,830000,0
P0017,Pensioner,69,15.8,0,305000
P0184,Pensioner,86,36.2,0,383000
A0331,Active,41,10.1,1152000,0
A0297,Active,51,20.2,1788000,0
A0434,Active,39,15.0,620000,0
A0157,Active,22,1.0,416000,0
A0223,Active,24,2.2,328000,0
A0153,Active,33,1.6,742000,0
A0040,Active,38,7.4,1007000,0
A0062,Active,55,2.9,1237000,0
A0096,Active,33,5.2,527000,0
A0451,Active,41,8.3,912000,0
P0127,Pensioner,71,15.3,0,230000
P0204,Pensioner,76,37.4,0,526000
A0101,Active,34,4.9,799000,0
A0351,Active,22,1.6,440000,0
A0111,Active,39,3.2,629000,0
A0377,Active,30,7.6,649000,0
A0305,Active,35,6.7,914000,0
A0533,Active,55,28.4,1658000,0
A0549,Active,27,1.7,390000,0
A0437,Active,35,2.8,513000,0
A0359,Active,53,24.3,1233000,0
P0038,Pensioner,87,18.4,0,652000
A0070,Active,44,2.3,998000,0
A0036,Active,25,4.1,532000,0
A0166,Active,52,15.4,1194000,0
A0178,Active,49,13.7,1391000,0
A0312,Active,49,17.2,1276000,0
A0376,Active,31,4.0,462000,0
A0150,Active,34,6.9,605000,0
P0148,Pensioner,87,27.0,0,543000
A0148,Active,31,2.6,516000,0
P0244,Pensioner,68,29.6,0,269000
A0141,Active,44,18.6,1272000,0
A0006,Active,29,7.1,594000,0
A0060,Active,57,29.7,1734000,0
A0104,Active,26,1.0,527000,0
D0078,Deferred,58,22.5,1327000,0
A0567,Active,33,2.3,624000,0
D0103,Deferred,45,13.3,850000,0
P0115,Pensioner,66,17.4,0,278000
A0135,Active,42,3.3,967000,0
P0202,Pensioner,88,36.2,0,616000
A0149,Active,36,2.1,643000,0
A0501,Active,44,16.9,1244000,0
A0211,Active,43,18.4,1281000,0
A0180,Active,25,1.0,360000,0
P0008,Pensioner,72,22.6,0,416000
A0591,Active,24,1.2,465000,0
A0396,Active,34,2.1,767000,0
D0070,Deferred,47,10.5,1011000,0
A0254,Active,45,2.7,1336000,0
A0301,Active,41,6.3,754000,0
D0012,Deferred,30,2.6,434000,0
A0088,Active,59,18.0,2098000,0
A0480,Active,45,5.5,1253000,0
A0552,Active,34,3.0,505000,0
A0226,Active,45,19.3,1408000,0
A0603,Active,27,2.0,363000,0
A0035,Active,45,8.9,1217000,0
P0109,Pensioner,83,18.8,0,541000
D0062,Deferred,34,3.0,555000,0
P0233,Pensioner,60,37.6,0,168000
P0002,Pensioner,83,18.7,0,642000
D0098,Deferred,43,17.8,822000,0
A0122,Active,43,15.1,1290000,0
A0341,Active,24,1.0,536000,0
P0122,Pensioner,86,30.9,0,400000
D0127,Deferred,44,2.2,803000,0
D0096,Deferred,30,2.0,319000,0
A0102,Active,51,4.6,1273000,0
A0053,Active,43,9.8,1108000,0
P0217,Pensioner,61,17.8,0,231000
A0459,Active,28,1.1,447000,0
A0124,Active,49,10.7,1295000,0
P0062,Pensioner,78,31.2,0,299000
P0052,Pensioner,69,29.5,0,334000
A0343,Active,22,1.0,455000,0
A0393,Active,41,7.5,1136000,0
P0096,Pensioner,87,17.5,0,451000
A0284,Active,34,1.8,666000,0
P0176,Pensioner,81,29.6,0,310000
A0017,Active,49,2.6,1428000,0
P0246,Pensioner,83,17.4,0,701000
A0587,Active,44,21.7,807000,0
A0561,Active,29,1.7,472000,0
A0267,Active,57,31.2,1845000,0
A0483,Active,49,24.6,1164000,0
P0185,Pensioner,73,20.4,0,460000
A0103,Active,51,14.7,1505000,0
A0380,Active,32,7.6,598000,0
A0534,Active,29,1.3,496000,0
A0199,Active,40,9.3,986000,0
P0014,Pensioner,87,14.0,0,435000
P0123,Pensioner,80,16.6,0,695000
A0421,Active,49,20.3,1028000,0
D0016,Deferred,30,2.8,311000,0
A0098,Active,51,22.5,1308000,0
A0093,Active,59,23.1,2136000,0
A0414,Active,45,12.8,1277000,0
A0347,Active,33,2.0,505000,0
P0031,Pensioner,72,24.4,0,400000
A0394,Active,41,19.3,684000,0
A0599,Active,36,10.1,535000,0
D0116,Deferred,42,17.8,712000,0
P0088,Pensioner,86,37.4,0,816000
A0165,Active,57,18.9,1709000,0
P0074,Pensioner,76,17.0,0,477000
P0220,Pensioner,89,33.2,0,704000
D0117,Deferred,57,6.1,1479000,0
A0269,Active,36,8.6,705000,0
A0219,Active,28,3.1,665000,0
A0472,Active,28,4.1,560000,0
A0022,Active,40,8.4,723000,0
A0059,Active,43,9.0,920000,0
A0064,Active,49,16.5,1377000,0
A0037,Active,43,3.3,934000,0
A0001,Active,32,1.8,776000,0
P0141,Pensioner,73,26.4,0,298000
D0060,Deferred,45,17.0,623000,0
P0001,Pensioner,76,23.1,0,407000
A0243,Active,37,4.8,584000,0
A0612,Active,24,1.8,487000,0
A0557,Active,35,11.3,828000,0
P0099,Pensioner,66,39.2,0,181000
D0074,Deferred,53,21.4,1038000,0
A0043,Active,33,11.3,641000,0
A0105,Active,52,16.9,1875000,0
A0132,Active,45,8.5,813000,0
A0550,Active,26,2.8,383000,0
A0167,Active,58,25.9,1841000,0
A0193,Active,48,14.5,1453000,0
P0130,Pensioner,74,36.5,0,389000
A0010,Active,47,5.3,1471000,0
A0419,Active,26,2.0,348000,0
A0448,Active,40,2.5,1107000,0
A0503,Active,57,11.3,2416000,0
P0121,Pensioner,75,24.3,0,311000
D0077,Deferred,37,5.6,435000,0
A0260,Active,53,1.0,1435000,0
P0025,Pensioner,86,26.0,0,387000
A0476,Active,49,3.8,1466000,0
A0055,Active,44,3.2,1105000,0
A0187,Active,42,17.1,1079000,0
A0467,Active,34,7.9,505000,0
P0140,Pensioner,60,25.1,0,200000
A0069,Active,53,11.7,1129000,0
A0489,Active,40,9.7,863000,0
P0229,Pensioner,82,39.2,0,749000
A0573,Active,23,1.0,498000,0
P0086,Pensioner,69,28.0,0,419000
A0227,Active,46,16.9,1092000,0
A0065,Active,38,6.1,737000,0
A0196,Active,49,19.6,1697000,0
A0454,Active,24,1.0,496000,0
D0119,Deferred,48,16.6,808000,0
P0117,Pensioner,81,27.6,0,613000
P0011,Pensioner,61,34.1,0,226000
A0144,Active,44,8.1,1178000,0
P0147,Pensioner,85,32.3,0,431000
A0220,Active,32,2.1,538000,0
P0225,Pensioner,86,17.0,0,744000
A0433,Active,28,4.3,521000,0
P0113,Pensioner,79,15.8,0,331000
A0210,Active,23,1.0,440000,0
A0346,Active,36,14.8,578000,0
A0348,Active,27,3.1,544000,0
A0392,Active,52,12.4,1322000,0
A0176,Active,39,2.3,812000,0
A0005,Active,35,5.5,545000,0
A0333,Active,27,2.3,537000,0
P0131,Pensioner,63,27.9,0,393000
P0042,Pensioner,85,35.3,0,500000
A0372,Active,37,10.3,791000,0
A0056,Active,55,23.5,1764000,0
D0015,Deferred,31,2.4,467000,0
A0616,Active,36,12.8,704000,0
A0504,Active,46,13.9,1429000,0
A0213,Active,32,7.6,716000,0
A0487,Active,42,2.3,952000,0
A0249,Active,34,2.7,807000,0
A0241,Active,43,19.8,1250000,0
A0174,Active,56,8.3,1558000,0
A0493,Active,39,8.5,950000,0
P0238,Pensioner,75,29.1,0,497000
P0243,Pensioner,72,31.9,0,211000
A0535,Active,26,1.0,465000,0
A0469,Active,57,23.7,1416000,0
P0043,Pensioner,84,12.6,0,673000
A0576,Active,35,3.0,526000,0
P0028,Pensioner,86,20.4,0,659000
D0067,Deferred,31,5.0,536000,0
P0039,Pensioner,63,30.2,0,144000
A0027,Active,53,28.1,1154000,0
A0608,Active,50,15.1,1424000,0
D0099,Deferred,53,8.2,1093000,0
A0474,Active,28,4.2,623000,0
A0302,Active,45,5.8,855000,0
P0041,Pensioner,84,12.4,0,658000
A0461,Active,36,10.5,619000,0
A0291,Active,50,21.2,1345000,0
A0491,Active,34,5.7,546000,0
D0088,Deferred,34,3.0,425000,0
A0356,Active,45,18.1,1353000,0
D0058,Deferred,59,20.8,1560000,0
A0423,Active,50,16.1,1407000,0
A0602,Active,57,15.2,2266000,0
P0198,Pensioner,86,34.8,0,482000
P0079,Pensioner,77,23.7,0,312000
A0431,Active,42,4.6,1033000,0
A0041,Active,54,19.5,1260000,0
D0049,Deferred,37,8.0,595000,0
A0094,Active,47,12.2,1116000,0
A0355,Active,28,1.5,586000,0
A0138,Active,44,7.3,1187000,0
A0329,Active,29,2.9,482000,0
A0601,Active,59,11.1,2092000,0
A0375,Active,40,12.5,939000,0
A0292,Active,32,4.9,636000,0
A0175,Active,29,2.9,495000,0
A0217,Active,46,12.4,964000,0
A0568,Active,24,1.0,506000,0
A0034,Active,42,15.7,1050000,0
A0321,Active,54,16.8,1851000,0
A0239,Active,50,15.7,1332000,0
A0354,Active,43,21.4,989000,0
D0081,Deferred,50,15.2,833000,0
P0179,Pensioner,84,27.8,0,363000
A0496,Active,30,1.5,659000,0
A0617,Active,44,17.9,978000,0
D0094,Deferred,38,6.9,481000,0
A0186,Active,48,6.5,1536000,0
A0262,Active,53,11.0,1814000,0
P0049,Pensioner,63,33.7,0,185000
D0047,Deferred,50,4.9,953000,0
D0028,Deferred,51,24.1,816000,0
A0251,Active,59,11.0,1989000,0
D0027,Deferred,45,7.0,662000,0
A0108,Active,44,18.7,1108000,0
A0013,Active,38,12.4,605000,0
A0577,Active,29,1.9,519000,0
A0406,Active,31,2.7,615000,0
A0116,Active,37,7.5,967000,0
A0095,Active,37,1.7,878000,0
A0162,Active,22,1.0,503000,0
P0044,Pensioner,82,22.3,0,334000
P0119,Pensioner,87,14.4,0,383000
A0536,Active,27,1.5,429000,0
P0080,Pensioner,61,14.2,0,257000
D0053,Deferred,33,5.8,522000,0
A0314,Active,31,10.0,553000,0
A0306,Active,49,16.1,1587000,0
A0597,Active,57,32.2,2332000,0
A0360,Active,51,23.2,1180000,0
A0418,Active,24,1.8,397000,0
A0388,Active,52,30.0,1520000,0
A0258,Active,44,17.7,1190000,0
A0409,Active,55,24.9,2038000,0
P0083,Pensioner,68,25.1,0,321000
P0110,Pensioner,88,39.2,0,590000
A0114,Active,43,16.1,834000,0
A0506,Active,35,8.8,810000,0
D0102,Deferred,36,3.5,598000,0
D0073,Deferred,55,3.6,1176000,0
A0231,Active,41,4.6,824000,0
A0610,Active,47,24.9,1324000,0
A0172,Active,30,3.0,657000,0
P0227,Pensioner,84,21.9,0,564000
A0364,Active,31,4.3,484000,0
P0026,Pensioner,79,12.5,0,552000
P0055,Pensioner,71,37.3,0,374000
A0045,Active,42,5.9,847000,0
P0189,Pensioner,78,30.4,0,579000
D0086,Deferred,42,12.9,731000,0
A0077,Active,35,7.6,917000,0
A0171,Active,50,21.0,1271000,0
A0047,Active,52,16.5,1756000,0
P0082,Pensioner,65,15.9,0,323000
P0149,Pensioner,74,28.6,0,238000
A0328,Active,34,3.9,513000,0
P0177,Pensioner,85,19.6,0,645000
A0588,Active,51,11.3,1788000,0
A0510,Active,30,6.3,680000,0
P0036,Pensioner,66,33.2,0,437000
D0020,Deferred,45,6.7,926000,0
P0196,Pensioner,85,33.7,0,386000
P0139,Pensioner,77,24.9,0,345000
D0085,Deferred,41,2.9,574000,0
A0279,Active,56,9.6,1742000,0
A0532,Active,26,3.0,353000,0
P0143,Pensioner,78,33.4,0,644000
P0126,Pensioner,79,23.6,0,322000
P0197,Pensioner,80,30.1,0,650000
D0037,Deferred,51,13.4,1115000,0
P0112,Pensioner,81,36.9,0,263000
P0020,Pensioner,75,38.0,0,308000
D0026,Deferred,39,13.6,675000,0
A0299,Active,52,13.0,1442000,0
P0161,Pensioner,77,15.8,0,455000
D0082,Deferred,35,12.0,367000,0
D0069,Deferred,32,5.9,384000,0
P0213,Pensioner,67,22.7,0,224000
A0073,Active,24,1.0,508000,0
A0339,Active,33,9.5,732000,0
A0391,Active,31,6.7,731000,0
A0334,Active,51,19.5,1390000,0
A0464,Active,56,12.4,1292000,0
A0181,Active,27,1.5,384000,0
P0065,Pensioner,81,20.8,0,314000
A0257,Active,46,10.8,1290000,0
P0022,Pensioner,84,13.3,0,690000
A0016,Active,48,20.9,1040000,0
A0190,Active,36,14.9,569000,0
A0097,Active,42,3.6,1053000,0
A0619,Active,28,1.1,621000,0
A0382,Active,43,12.3,1007000,0
A0529,Active,52,16.8,1926000,0
D0036,Deferred,57,20.3,1492000,0
